V:1.60 Int [03-Jan-2005 01:02:00]
#
# This version of country.dat originates from rates4linux:
# $Id: country-de.dat,v 1.50 2006/01/23 17:07:09 keil Exp $
# The rates4linux homepage: http://www.sourceforge.net/projects/rates4linux/
# It bases on Rev. 1.39 of isdn4k-utils/isdnlog/country-de.dat 
# in the CVS at http://www.isdn4linux.de.
#
# Countries have a 2 letter ISO-Code
# Towns have a 3 letter airportcode or
#  a _XXXX code, where XXXX is a (uniq) abbrev of town
# all the codes have to be uppercase
#
# Country Mobilfunk : _ccMF
# Freephone : _ccFF
# Auskunft :  _ccAK
# Sonderrufnummern : _ccSO
#
# Structure of this file:
# Country codes appear in reverse order from +999 to +1 (to +010 someday).
# Each group of entries for one country should be separated by two blank
# lines.  Entries for the same country should be separated by one blank line.
# The entry for the whole county should be first, followed by the cellphone
# ("Mobilfunk" in German) entry of this country, followed by further national
# destinations if present. 
#
# Due to ratefile generation considerations, each real country (regular alpha-2
# code) should have an cellphone entry, even if the cellphone numbering range
# is unknown.  In this case, no C: tags are given.
# It is not possible to change a code (T: entry) without breaking at least
# some compatibility between an old ratefiles and a new destination database
# and vice versa.  Until further evolution code changes should be avoided.
#
# International Country Codes according to: 
# List of ITU-T Recommendation E.164 Assigned Country Codes (2004-02-01)
# http://www.itu.int/itudoc/itu-t/ob-lists/icc/e164_763.html
# 
# Partial source for national numbering plans (2004-09-17):
# http://www.itu.int/ITU-T/inr/nnp/index.html
#
# ISO 3166 Countrycodes (last change 2003-02-01)
# ftp://sunsite.unc.edu/pub/Linux/apps/misc/countrycodes.1.0.5.tar.gz
#
# Decoding table for ISO 3166-1 alpha-2 codes (2004-09-17)
# http://www.iso.org/iso/en/prods-services/iso3166ma/02iso-3166-code-lists/iso_3166-1_decoding_table.html
#
# Last code change was new entry for Âland Islands (AX) on 2004-02-13.
#
# User-assigned code elements: AA, QM..QZ, XA..XZ, ZZ
# Should be used for numerical country codes not related to a country and
# thus without an official alpha-2 code, e.g. +881.
#
# Airportcodes: http://www.TravelDesk.com/airports.html
#
# Offical German language country names (2004-08-20):
# http://www.auswaertiges-amt.de/www/de/infoservice/download/pdf/publikationen/staatennamen.pdf
#
# Note: The information in this file gets included in the destination database
# usually /usr/lib/isdn/dest.cdb.  As of August 2002 there is a limit of 1024
# bytes per entry value based on the size of buf in the function i4l_cdb_fetch
# in the file isdnlog/tools/cdb/i4l_cdb.c.  The value for _DOMF (N;C[,C][;R])
# would be longer if fully noted.
#
# Final disclaimer (seen at ISO and ITU):
# The following informations do not express any opinion concerning the legal
# status of any country or geographical area or of its authorities.


# +999 -- Reserved for possible future use within the
# Telecommunications for Disaster Relief (TDR) concept


# Source (1998-05-19):
# http://www.itu.int/itudoc/itu-t/number/u/uzb/81566_ww2.doc
N:Usbekistan
E:Uzbekistan
C:+998			# +7ABC till 1999
T:UZ

N:Usbekistan Mobilfunk
E:Uzbekistan cellphone
C:+9989			# may be inaccurate
R:UZ
T:_UZMF


# +997 -- Spare code


N:Kirgisien
A:Kirgizia,Kirgisistan, Kirgistan
E:Kyrgyzstan
C:+996
T:KG

N:Kirgisien Mobilfunk
E:Kyrgyzstan cellphone
A:Kirgisistan Mobilfunk
C:+99631, +99632, +99634, +99635, +99636, +99637, +99639
R:KG
T:_KGMF


N:Georgien
E:Georgia
C:+995
T:GE

N:Georgien Mobilfunk
E:Georgia cellphone
R:GE
T:_GEMF


# Source (2002-05-22):
# http://www.itu.int/itudoc/itu-t/number/a/aze/80942.html
N:Aserbaidschan
E:Azerbaijan
C:+994
T:AZ

N:Aserbaidschan Mobilfunk
E:Azerbaijan cellphone
C:+99450, +99455
R:AZ
T:_AZMF


N:Turkmenistan
C:+993
T:TM

N:Turkmenistan Mobilfunk
E:Turkmenistan cellphone
R:TM
T:_TMMF


# Source (2000-06-15):
# http://www.itu.int/itudoc/itu-t/number/t/tjk/71088.html
N:Tadschikistan
E:Tajikistan
C:+992
T:TJ

N:Tadschikistan Mobilfunk
E:Tajikistan cellphone
C:+9929190		# Dushanbe
R:TJ
T:_TJMF


# +991 -- Shared code
# +991001 -- Neustar ENUM trials until 2004-05

# +990 -- Spare code


# Source (2003-11-01):
# http://www.iran-telecom.com/numbering/
N:Iran
A:Islamische Republik Iran, Islamic Republic of Iran
C:+98
T:IR

N:Iran Mobilfunk
E:Iran cellphone
A:Islamische Republik Iran Mobilfunk, Islamic Republic of Iran cellphone
C:+9891 	# may be inaccurate
R:IR
T:_IRMF


# +979 -- International Premium Rate Service (IPRS)

# +978 -- Spare code


N:Nepal
C:+977
T:NP

N:Nepal Mobilfunk
E:Nepal cellphone
R:NP
T:_NPMF


N:Mongolei
A:Mongolische VR
E:Mongolia
C:+976
T:MN

N:Mongolei Mobilfunk
E:Mongolia cellphone
R:MN
T:_MNMF


N:Bhutan
C:+975
T:BT

N:Bhutan Mobilfunk
E:Bhutan cellphone
R:BT
T:_BTMF


# Source (2002-03-15)
# http://www.itu.int/itudoc/itu-t/number/q/qatar/72015.html
N:Katar
A:Quatar
E:Qatar
C:+974
T:QA

N:Katar Mobilfunk
E:Qatar cellphone
C:+97452, +97453, +97455, +97458
R:QA
T:_QAMF


# Source (2003-07-05):
# http://www.itu.int/itudoc/itu-t/number/b/bhr/84136_ww9.doc
N:Bahrain
C:+973
T:BH

N:Bahrain Mobilfunk
E:Bahrain cellphone
C:+9733			# to be implemented in 2003 or later
R:BH
T:_BHMF


N:Israel
C:+972
T:IL

N:Israel Mobilfunk
E:Israel cellphone
C:+97255, +97254, +97253, +97252, +97251, +97250
R:IL
T:_ILMF

N:Palestina
A:Palästina, Palestinensisches Autonomiegebiet
C:+972777
T:PS # since 11.10.1999

N:Palestina Mobilfunk
E:Palestina cellphone
R:PS
T:_PSMF


N:Ver. Arabische Emirate
A:Vereinigte Arabische Emirate, Ver.Arab. Emirate, Vereinigte Arab. Emirate, VAE
E:United Arab Emirates
A:Vereinte Arabische Emirate, V. Arabische Emirate
C:+971
T:AE

N:Vereinigte Arabische Emirate Mobilfunk
E:United Arab Emirates cellphone
R:AE
T:_AEMF


# +970 -- Reserved for the Palestinian Authority

# +969 -- Reserved


N:Oman
A:Oman (Sultanat)
C:+968
T:OM

N:Oman Mobilfunk
E:Oman cellphone
R:OM
T:_OMMF


# Source (2000-10-02):
# http://www.itu.int/itudoc/itu-t/number/y/yem/73267.html
N:Jemen (Arab. Republik)
A:Jemen (Arabische Republik), Jemen, Jemen Arab. Rep.
E:Yemen
C:+967		# +969 outdated since 1994-12-01
T:YE

N:Jemen Mobilfunk
E:Yemen cellphone
C:+96779
R:YE
T:_YEMF


N:Saudi Arabien
E:Saudi Arabia
C:+966
T:SA

N:Saudi Arabien Mobilfunk
E:Saudi Arabia cellphone
R:SA
T:_SAMF


N:Kuwait
A:Kuweit
C:+965
T:KW

N:Kuwait Mobilfunk
E:Kuwait cellphone
C:+9659
R:KW
T:_KWMF


N:Irak
E:Iraq
C:+964
T:IQ

N:Irak Mobilfunk
E:Iraq cellphone
R:IQ
T:_IQMF


# Source (2003-11-12):
# http://www.itu.int/itudoc/itu-t/number/s/syr/75921.html
N:Syrien
E:Syria
A:Syrien (Arabische Republik)
C:+963
T:SY

N:Syrien Mobilfunk
E:Syria cellphone
A:Syrien (Arabische Republik) Mobilfunk
C:+9639
R:SY
T:_SYMF


N:Jordanien
E:Jordan
C:+962
T:JO

N:Jordanien Mobilfunk
E:Jordan cellphone
C:+96279
R:JO
T:_JOMF


N:Libanon
E:Lebanon
C:+961
T:LB

N:Libanon Mobilfunk
E:Lebanon cellphone
C:+9613
R:LB
T:_LBMF


# Source (2001-12-27):
# http://www.itu.int/itudoc/itu-t/number/m/mdv/76591.html
N:Malediven
E:Maldives
C:+960
T:MV

N:Malediven Mobilfunk
E:Maldives cellphone
C:+9607
R:MV
T:_MVMF


# Source (200-11-01):
# http://www.itu.int/itudoc/itu-t/number/m/mmr/82387_ww2.doc
N:Myanmar Burma
A:Myanmar (Birma), Burma, Birma, Myanmar, Birma (Myanmar)
E:Myanmar
C:+95
T:MM

N:Myanmar Mobilfunk
E:Myanmar cellphone
C:+959			# may be inaccurate
R:MM
T:_MMMF


N:Sri Lanka
C:+94
T:LK

N:Sri Lanka Mobilfunk
E:Sri Lanka cellphone
R:LK
T:_LKMF


# Source (2001-01-25):
# http://www.itu.int/itudoc/itu-t/number/a/afg/77447.html
N:Afghanistan
A:Afganistan
C:+93
T:AF

N:Afghanistan Mobilfunk
A:Afganistan cellphone
C:+9370
R:AF
T:_AFMF


N:Pakistan
C:+92
T:PK

N:Pakistan Mobilfunk
E:Pakistan cellphone
R:PK
T:_PKMF


# Codes _IN* also in use for Inmarsat.
N:Indien
A:India
C:+91
T:IN

N:Indien Mobilfunk
E:India cellphone
C:+9198
R:IN
T:_INMF


N:Türkei
E:Turkey
C:+90
T:TR

N:Türkei Mobilfunk
E:Turkey cellphone
C:+905
R:TR
T:_TRMF


# +890 .. +899 -- Reserved for E.164 country code expansion

# +889 -- Spare code

# +888 -- Reserved for future global service

# +887 -- Spare code


N:Taiwan
A:China (Taiwan)
C:+886
T:TW

N:Taiwan Mobilfunk
C:+8869
R:TW
T:_TWMF


# +883 .. +885 -- Spare codes


N:International Networks
C:+882
T:_INTN

# Source (2002-08-23):
# http://www.thuraya.com/tech/
N:Thuraya
A:Thuraya RMSS Network
C:+88216
R:_INTN
T:_THUR

# Source (2002-08-23):
# http://www.eutelsat.com/products/2_4_2_3.html
N:Emsat
C:+88213
R:_INTN
T:_EMSA

N:GeoVerse
A:BT GeoVerse 
C:+88210
R:_INTN
T:_GEOV


# +881 -- shared code, International Mobile

N:Iridium 008817
A:Iridium GSM-Homed, Iridium-8817
C:+8817
T:_IR17

N:Iridium 008816
A:Iridium Iridium-Homed, Iridium-8816
C:+8816
T:_IR16

# Source (2003-05-07):
# http://www.itu.int/itudoc/itu-t/number/gn/ell/83701_ww9.doc
N:Ellipso
C:+8813
T:_ELLI


N:Bangladesch
E:Bangladesh
C:+880
T:BD

N:Bangladesh Mobilfunk
E:Bangladesh cellphone
C:+8801
R:BD
T:_BDMF


# +879 -- Reserved for national non-commercial purposes

# +878 -- Universal Personal Telecommunication Service (UPT)

# +875 .. +877 -- Reserved for Maritime Mobile Service Applications


N:Atlantischer Ozean (West)
A:Atlantic Ocean (west)
C:+874
T:_ATLA


N:Indischer Ozean
A:Indian Ocean
E:British Indian Ocean Territory # Fixme: is that ok
C:+873
T:IO


N:Pazifischer Ozean
A:Pacific Ocean
C:+872
T:_PAZI


N:Atlantischer Ozean (Ost)
A:Atlantic Ocean (east)
C:+871
T:_ATLA


# +870 -- Inmarsat SNAC (Single Network Access Code)


# Order of following Inmarsat entries (+870* .. +874*) may be relevant.

N:Inmarsat A Daten/Fax
C:+8748, +8738, +8728, +8718
T:_INDF

N:Inmarsat Mini-M
A:Inmarsat Phone (Mini-M)
C:+87176	#Inmarsat Mini-M (E. Atlantic)
C:+87476	#Inmarsat Mini-M (W. Atlantic)
C:+87376	#Inmarsat Mini-M (Indien)
C:+87276	#Inmarsat Mini-M (Pacific)
C:+87076	#Inmarsat Mini-M (Worldwide)
T:_INMM

N:INMARSAT-Mm AE
A:Inmarsat Mini-M (E. Atlantic)
C:+87176
R:_INMM
T:_INMMAE

N:INMARSAT-Mm AW
C:+87476
A:Inmarsat Mini-M (W. Atlantic)
R:_INMM
T:_INMMAW

N:INMARSAT-Mm IO
C:+87376
A:Inmarsat Mini-M (Indien)
R:_INMM
T:_INMMIO

N:INMARSAT-Mm PO
C:+87276
A:Inmarsat Mini-M (Pacific)
R:_INMM
T:_INMMPO

N:INMARSAT-Mm WW
C:+87076
A:Inmarsat Mini-M (Worldwide)
R:_INMM
T:_INMMWW

N:Inmarsat M
C:+8746 	#Inmarsat M (W. Atlantic)
C:+8736 	#Inmarsat M (Indien)
C:+8726 	#Inmarsat M (Pacific)
C:+8716		#Inmarsat M (E. Atlantic)
C:+8706		#Inmarsat M (Worldwide)
T:_INM_

N:INMARSAT-M AE
C:+8716
A:Inmarsat M (E. Atlantic)
R:_INM_
T:_INMAE

N:INMARSAT-M AW
C:+8746
A:Inmarsat M (W. Atlantic)
R:_INM_
T:_INMAW

N:INMARSAT-M IO
C:+8736
A:Inmarsat M (Indien)
R:_INM_
T:_INMIO

N:INMARSAT-M PO
C:+8726
A:Inmarsat M (Pacific)
R:_INM_
T:_INMPO

N:INMARSAT-M WW
C:+8706
A:Inmarsat M (Worldwide)
R:_INM_
T:_INMWW

N:Inmarsat Aero
C:+8745, +8735, +8725, +8715
T:_INAE

N:Inmarsat B HSD
C:+87439, +87339, +87239, +87139, +87039
T:_INBH

N:Inmarsat B
A:AOR, IOR, POR
C:+8743 	#Inmarsat B (W. Atlantic)
C:+8733 	#Inmarsat B (Indien)
C:+8723 	#Inmarsat B (Pacific)
C:+8713 	#Inmarsat B (E. Atlantic)
C:+8703		#Inmarsat B (Worldwide)
T:_INB_

N:INMARSAT-B AE
C:+8713
A:Inmarsat B (E. Atlantic)
R:_INB_
T:_INBAE

N:INMARSAT-B AW
C:+8743
A:Inmarsat B (W. Atlantic)
R:_INB_
T:_INBAW

N:INMARSAT-B IO
C:+8733
A:Inmarsat B (Indien)
R:_INB_
T:_INBIO

N:INMARSAT-B PO
C:+8723
A:Inmarsat B (Pacific)
R:_INB_
T:_INBPO

N:INMARSAT-B WW
C:+8703
A:Inmarsat B (Worldwide)
R:_INB_
T:_INBWW

N:Inmarsat A
C:+8741 	#Inmarsat A (W. Atlantic)
C:+8731		#Inmarsat A (Indien)
C:+8721 	#Inmarsat A (Pacific)
C:+8711 	#Inmarsat A (E. Atlantic)
T:_INA_

N:INMARSAT-A AE
C:+8711
A:Inmarsat A (E. Atlantic)
R:_INA_
T:_INAAE

N:INMARSAT-A AW
C:+8741
A:Inmarsat A (W. Atlantic)
R:_INA_
T:_INAAW

N:INMARSAT-A IO
C:+8731
A:Inmarsat A (Indien)
R:_INA_
T:_INAIO

N:INMARSAT-A PO
C:+8721
A:Inmarsat A (Pacific)
R:_INA_
T:_INAPO


# Source (2004-07-06):
# http://www.itu.int/itudoc/itu-t/number/c/chn/83400.html
N:China
A:China (Volksrepublik), China (People's Republic),V.R. China, China VR
C:+86
T:CN

N:China Mobilfunk
E:China cellphone
C:+8613
R:CN
T:_CNMF


# +857 .. +859 -- Spare code


N:Laos
A:Lao
C:+856
T:LA

N:Laos Mobilfunk
E:Laos cellphone
R:LA
T:_LAMF


N:Kambodscha
E:Cambodia
C:+855
T:KH

N:Kambodscha Mobilfunk
E:Cambodia cellphone
R:KH
T:_KHMF


# +854 -- Spare code


# Source (2004-07-13)
# http://www.itu.int/itudoc/itu-t/number/m/mac/79088.html
N:Macau
A:Macao
C:+853
T:MO

N:Macao Mobilfunk
E:Macau cellphone
C:+8536
R:MO
T:_MOMF


# Source (2004-09-01):
# http://www.ofta.gov.hk/numbering/noplan.pdf
N:Hongkong
C:+852
T:HK

# some reserved number blocks included
N:Hong Kong Mobilfunk
E:Hong Kong cellphone
C:+85217, +85248, +85249, +8526
C:+852901, +852902, +852903, +852903, +852904, +852905, +852906, +852907,
C:+852908, +852909
C:+85291, +85292, +85293, +85294, +85295, +85296, +85297, +85298
R:HK
T:_HKMF

N:Hong Kong Sondernummern
E:Hong Kong special numbers
C:+852900
T:_HKSO


# +851 -- Spare code


N:Nordkorea
A:Korea (Dem. Republik), Korea (Demokratische Republik), Korea (North), Korea (DVR), Nordkorea (DVR), Korea (Nord)
A:V.R. Korea, Korea Democratic Republic (north), Korea Dem. Volksrepublik
E:North Korea
C:+850
T:KP

N:Nordkorea Mobilfunk
E:North Korea cellphone
R:KP
T:_KPMF


# Source (2001-03-05):
# http://www.itu.int/itudoc/itu-t/number/v/vin/81524_ww2.doc
N:Vietnam
E:Viet Nam
C:+84
T:VN

N:Vietnam Mobilfunk
E:Viet Nam cellphone
C:+8490, +8491
R:VN
T:_VNMF


# +830 .. +839 -- Reserved for E.164 country code expansion


N:Südkorea
A:Korea (Süd), Korea Rep. (South), Korea (Republik), Südkorea (Republik), Republik Korea, Korea Republic (south)
A:Korea Republik (Süd)
E:South Korea
C:+82
T:KR

N:Korea (Süd) Mobilfunk
A:Korea Rep. (South) Mobilfunk
E:South Korea cellphone
C:+8227, +821
R:KR
T:_KRMF


N:Japan
C:+81
T:JP

N:Japan Mobilfunk
E:Japan cellphone
C:+8190, +8170
R:JP
T:_JPMF

N:Tokyo
C:+813
R:JP
T:TYO


# +809 -- Spare code
# allocation only after all three digits codes from groups of ten are exhausted

# +808 -- International Shared Cost Service (ISCS)

# +801 .. +807 -- Spare code, same allocation restrictions as for +809


N:international freephone
C:+800
T:_F800


# international numbering space +7... needs cleanup

# Source (2004-03-12):
# http://www.itu.int/itudoc/itu-t/number/k/kaz/75917.html
N:Kasachstan
E:Kazakhstan
C:+7310, +7311, +7312, +7313, +7314, +7315, +7316, +7317, +7318
C:+7321, +7322, +7323, +7324, +7325, +7326, +7327, +7328, +7329
C:+7336 	# +733622 = Baykonur
C:+7300, +7333, +7570, +7573, +7574, +7700	# mobile operators (exclusive)
T:KZ

N:Kasachstan Mobilfunk
E:Kazakhstan cellphone
C:+7300, +7333, +7570, +7573, +7574, +7700
C:+731290, +731390, +731490, +731590, +731790, +731890
C:+731291, +731391, +731491, +731591, +731791, +731891
C:+732190, +732390, +732590, +732690, +732790
C:+732191, +732391, +732591, +732691, +732791
C:+732490, +732758, +732799
R:KZ
T:_KZMF


# fixme: code SU ("USSR") was deleted 1992-02,
# should be RU ("Russian Federation"), which is already used below.
N:Russische Forderation (ostl.)
A:Rußland, Russland, Rußland (östl.), Russische Föderation, Russian Federation, Russische Förderation Ost
A:Russland (östl.), Russland (östlich)
E:Russian Federation (east)
C:+7
T:SU

N:Rußland Mobilfunk
E:Russia cellphone
A:Russische Föderation Mobilfunk
C:+7901, +7902
R:SU
T:_RUMF

N:Russische Föderat. (westl.)
A:Russische Foderat. (westl.), Russische Föderation (westl.)
A:Rußland (westl.), GUS (Russische Föderation), GUS, Russische Förderation West
A:Russland (westl.), Russland (westlich)
C:+7863, +7862, +7861, +7820, +7817, +7816, +7815, +7814
C:+7811, +7543, +7517, +75112, +75110, +7510, +7505, +7503, +7501, +709246
C:+709245, +709244, +709243, +709237, +7091, +7087, +7086, +7085, +7084
C:+7083, +7082, +7081, +7074, +7073, +7072, +7071, +7011
C:+7502			# Rußland Moskau Overlay
E:Russia
T:RU

N:St. Petersburg
A:Rußland St. Petersburg, Leningrad
C:+7812, +751285
R:RU
T:LED

N:Moskau
E:Moscow
A:Rußland Moskau,Russische Föderation / Moskau
C:+7096, +7095
R:RU
T:MOW


# +699 -- Spare code
# allocated below -- fixme: clarification needed
N:Midway-Inseln
A:Midway-Insel
E:Midway Island
C:+6998
R:US
T:_MIDW

N:Chatham-Inseln
E:Chatham Island
C:+6996
R:NZ
T:_CHAT

N:Wake Inseln
A:Wake Island
C:+6993
R:UM
T:_WAKE

N:US Minor Outlying Islands
R:US
T:UM

N:US Minor Outlying Islands Mobilfunk
E:US Minor Outlying Islands cellphone
R:UM
T:_UMMF


# +693 .. +699 -- Spare code


N:Marshallinseln
E:Marshall Islands
C:+692
T:MH

N:Marshallinseln Mobilfunk
E:Marshall Islands cellphone
R:MH
T:_MHMF


N:Mikronesien
E:Micronesia
C:+691
T:FM

N:Mikronesien Mobilfunk
E:Micronesia cellphone
R:FM
T:_FMMF


N:Tokelan
E:Tokelau
A:Tokelauinseln
C:+690
T:TK

N:Tokelan Mobilfunk
E:Tokelau cellphone
R:TK
T:_TKMF


N:Französisch-Polynesien
A:Franz. Polynesien
E:French Polynesia
C:+689
T:PF

N:Französisch-Polynesien Mobilfunk
E:French Polynesia cellphone
R:PF
T:_PFMF


N:Tuvalu
C:+688
T:TV

N:Tuvalu Mobilfunk
E:Tuvalu cellphone
R:TV
T:_TVMF


N:Neukaledonien
E:New Caledonia
C:+687
T:NC

N:Neukaledonien Mobilfunk
E:New Caledonia cellphone
R:NC
T:_NCMF


N:Kiribati
C:+686
T:KI

N:Kiribati Mobilfunk
E:Kiribati cellphone
C:+6861, +6862, +6863, +6864, +6865, +6866, +6867, +6868, +6869
R:KI
T:_KIMF


N:West-Samoa
A:Samoa (West), Western Samoa, Samoa W., Samoa, Westl. Samoa
A:Samoa (Western), Western Samoa (Independent State of)
C:+685
T:WS

N:West-Samoa Mobilfunk
E:West-Samoa cellphone
R:WS
T:_WSMF


# Source (2003-04-23): http://www.nanpa.com/pdf/PL_330.pdf
# Will become +1-684 at 2004-10-02,
# +684 is be to returned to ITU after 2007-04-02.
N:Amerikanisch-Samoa
A:Samoa (Ost), Samoa (US), Samoa O., Amerikanisches Samoa
A:U. S. Territory of American Samoa
E:American Samoa
C:+684
C:+1684
T:AS

N:Amerikanisch-Samoa Mobilfunk
E:American Samoa cellphone
C:+684733
C:+1684733
T:_ASMF
R:AS


N:Niue-Inseln
A:Niue Islands
E:Niue
C:+683
T:NU

N:Niue-Inseln Mobilfunk
E:Niue cellphone
R:NU
T:_NUMF


N:Cookinseln
E:Cook Islands
C:+682
T:CK

N:Cookinseln Mobilfunk
E:Cook Islands cellphone
R:CK
T:_CKMF


N:Wallis und Futuna
A:Wallis- und Futuna-Inseln, Wallis & Fortuna Islands
A:Wallis & Futuna, Wallis
E:Wallis and Futuna Islands
C:+681
T:WF

N:Wallis und Futuna Mobilfunk
E:Wallis and Futuna Islands cellphone
R:WF
T:_WFMF


N:Palau
A:Belau
A:Palau-Inseln
E:Palau
C:+680
T:PW

N:Palau Mobilfunk
E:Palau cellphone
R:PW
T:_PWMF


# Source (2002-09-14):
# http://www.itu.int/itudoc/itu-t/number/f/fji/75261.html
N:Fidschi
E:Fiji
A:Fidschi Inseln
C:+679
T:FJ

N:Fidschi Mobilfunk
E:Fiji cellphone
A:Fidschi Inseln Mobilfunk
C:+67992, +67999
R:FJ
T:_FJMF


# Source (2002-03-25):
# http://www.itu.int/itudoc/itu-t/number/v/vut/79348.html
N:Vanuatu
C:+678
T:VU

N:Vanuatu Mobilfunk
E:Vanuatu cellphone
C:+6784
R:VU
T:_VUMF


N:Salomonen
A:Solomon Inseln, Solomonen, Salomoninseln
E:Solomon Islands
C:+677
T:SB

N:Salomonen Mobilfunk
E:Solomon Islands cellphone
R:SB
T:_SBMF


N:Tonga
A:Tonga Kingdom
C:+676
T:TO

N:Tonga Mobilfunk
E:Tonga cellphone
R:TO
T:_TOMF


N:Papua-Neuguinea
E:Papua New Guinea
C:+675
T:PG

N:Papua-Neuguinea Mobilfunk
E:Papua New Guinea cellphone
R:PG
T:_PGMF


N:Nauru
C:+674
T:NR

N:Nauru Mobilfunk
E:Nauru cellphone
R:NR
T:_NRMF


# Source (2003-09-20):
# http://www.telecom.gov.bn/ne/7_Digit.htm
N:Brunei Darussalam
E:Brunei-Darussalam
A:Brunei
C:+673
T:BN

N:Brunei Darussalam Mobilfunk
E:Brunei-Darussalam cellphone
A:Brunei Mobilfunk, Brunei cellphone
C:+67386, +67387, +67388
R:BN
T:_BNMF


# +672 -- Australian External Territories,
# including Australian Antarctic Territory and Norfolk Island

N:Norfolkinseln
A:Norfolkinseln (Australien), Norfolk Island
E:Norfolk Islands
A:Norfolk, Norfolk Island (Antarctica)
C:+6723
R:AU
T:NF

N:Norfolkinseln Mobilfunk
E:Norfolk Islands cellphone
R:NF
T:_NFMF

N:Antarktis
A:Antarctica, Antarktis-Casey Base
C:+6721
T:AQ

N:Antarktis Mobilfunk
E:Antarktis cellphone
R:AQ
T:_AQMF


# +671 -- Spare code


# fixme: code TP ("East Timor") was deleted 2002-05,
# should be TL ("Timor-Leste")
# Source (2001-08-09):
# http://www.itu.int/itudoc/itu-t/number/e/etm/73477_ww9.doc
# independent (international recognition) since 2002-05-20
N:Ost Timor
E:East Timor
A:Timor-Leste, Demokratische Republik Timor-Leste
A:Democratic Republic of East Timor
C:+670
T:TP

N:Ost Timor Mobilfunk
E:East Timor cellphone
C:+67072, +67073, +67074, +67075
R:TP
T:_TPMF


N:Thailand
C:+66
T:TH

N:Thailand Mobilfunk
E:Thailand cellphone
C:+661
R:TH
T:_THMF


N:Singapur
E:Singapore
C:+65
T:SG

N:Singapur Mobilfunk
E:Singapore cellphone
C:+656, +657, +658
R:SG
T:_SGMF


N:Pitcairn Inseln
E:Pitcairn Islands
A:Pitcairn
C:+649			# +64 is New Zealand, ?
T:PN
R:UK

N:Pitcairn Inseln Mobilfunk
E:Pitcairn Islands cellphone
R:PN
T:_PNMF


N:Neuseeland
E:New Zealand
A:New Zealand & Chatham Island, New Zealand (Aotearoa)
C:+64
T:NZ

N:Neuseeland Mobilfunk
E:New Zealand cellphone
C:+6421
R:NZ
T:_NZMF


N:Philippinen
E:Phillipines
A:Phillippinen
C:+63
T:PH

N:Philippinen Mobilfunk
E:Phillipines cellphone
C:+63241, +63242, +6327, +63275, +63291, +6385, +6390, +63912, +63915, +63917, +63918, +63973
R:PH
T:_PHMF


N:Indonesien
E:Indonesia
C:+62
T:ID

N:Indonesien Mobilfunk
E:Indonesia cellphone
C:+6281, +6282
R:ID
T:_IDMF


# Source (2004-09-19):
# http://www.aca.gov.au/telcomm/telephone_numbering/8_digit_numbering/plan/
N:Australien
E:Australia
C:+61
T:AU

# including some special numbers ranges
N:Australien Mobilfunk
E:Australia cellphone
C:+614
C:+61500, +6119, +6118, +6117, +6116, +6115, +6114, +6113, +6112, +61071
R:AU
T:_AUMF

N:Weihnachtsinseln
A:Weihnachtsinsel (Australien), Christmas Island, Christmas Island (Antarctica)
A:Christmas Inseln, Weihnachtsinsel
E:Christmas Islands
C:+6189164
R:AU
T:CX

N:Weihnachtsinseln Mobilfunk
E:Christmas Islands cellphone
R:CX
T:_CXMF

N:Kokosinseln
A:Kokosinseln (Australien), Cocos Island, Cocos Island (Antarctica)
A:Cocos Inseln, Kokos-Inseln, Keeling-Inseln
E:Cocos Islands
A:Cocos (Keeling) Islands,Keeling Islands
C:+6189162
R:AU
T:CC

N:Kokosinseln Mobilfunk
E:Cocos Islands cellphone
R:CC
T:_CCMF

# nofix: uninhabited, islands far south of Madagascar
#N:Heard Island and McDonald Islands
#R:AU
#T:HM



N:Malaysia
A:Malaysien, Malayisa
C:+60
T:MY

N:Malaysia-Mobilfunk
E:Malaysia cellphone
C:+601
R:MY
T:_MYMF


# Source (2000-11-20):
# http://www.itu.int/itudoc/itu-t/number/n/nat/76774.html
N:Niederl. Antillen
A:Niederländische Antillen, Antillen (Niederlande)
E:Netherlands Antilles
C:+599
T:AN

N:Niederl. Antillen Mobilfunk
E:Netherlands Antilles cellphone
A:Niederländische Antillen Mobilfunk
C:+5994165
C:+59951, +59952, +59956, +59957, +59959
C:+59978, +59970
R:AN
T:_ANMF


# Source (2000-01-10):
# http://www.itu.int/itudoc/itu-t/number/u/ury/82703_ww2.doc
N:Uruguay
C:+598
T:UY

N:Uruguay Mobilfunk
E:Uruguay cellphone
C:+5989
R:UY
T:_UYMF


# Source (2000-09-04):
# http://www.itu.int/itudoc/itu-t/number/s/sur/70766_ww9.doc
N:Suriname
A:Surinam
C:+597
T:SR

N:Suriname Mobilfunk
E:Suriname cellphone
C:+59788
R:SR
T:_SRMF


N:Martinique / Franz. Antillen
E:Martinique
A:Französische Antillen, Martinique (French Antilles)
A:Franz. Antillen
C:+596
T:MQ

N:Martinique / Franz. Antillen Mobilfunk
E:Martinique cellphone
R:MQ
T:_MQMF


# Source (2002)
# http://www.conatel.gov.py/reglamentos/plantec/
N:Paraguay
C:+595
T:PY

N:Paraguay Mobilfunk
E:Paraguay cellphone
C:+5959
R:PY
T:_PYMF


N:Französisch-Guayana
A:Französisch Guyana, Franz. Guyana, French Guyana
E:French Guiana
C:+594
T:GF

N:Französisch-Guayana Mobilfunk
E:French Guiana cellphone
R:GF
T:_GFMF


N:Ecuador
A:Equador
C:+593
T:EC

N:Ecuador Mobilfunk
E:Ecuador cellphone
C:+5939
R:EC
T:_ECMF


# Source (2001-01-06):
# http://www.itu.int/itudoc/itu-t/number/g/guy/70635.html
N:Guyana
A:Guayana
C:+592
T:GY

N:Guyana Mobilfunk
E:Guyana cellphone
C:+592214, +592224, +592248, +592278, +592284, +592294
C:+592304, +592374, +592384, +592394
C:+592614
C:+592620, +592621, +592622, +592623, +592624, +592625, +592626
C:+592627, +592628
C:+592630, +592633, +592634, +592635, +592639
C:+592640, +592641, +592644, +592645
C:+592678
R:GY
T:_GYMF


# Source (2000-11):
# http://www.sittel.gov.bo/archivos/mlrpnm.pdf
N:Bolivien
E:Bolivia
C:+591
T:BO

N:Bolivien Mobilfunk
E:Bolivia cellphone
C:+59171, +59174, +59176, +59177
R:BO
T:_BOMF


N:Guadeloupe
E:Guadaloupe
A:Guadeloup
C:+590
T:GP

N:Guadeloupe Mobilfunk
E:Guadaloupe cellphone
R:GP
T:_GPMF


# Source (2001-01-15):
# http://www.itu.int/itudoc/itu-t/number/v/ven/71706.html
N:Venezuela
C:+58
T:VE

N:Venezuela Mobilfunk
E:Venezuela cellphone
C:+58412, +58414, +58415, +58416, +58417, +58418
R:VE
T:_VEMF


N:Kolumbien
E:Colombia
C:+57
T:CO

N:Kolumbien Mobilfunk
E:Colombia cellphone
C:+573
R:CO
T:_COMF


N:Chile
A:Chile & Easter Island
C:+56
T:CL

N:Chile Mobilfunk
E:Chile cellphone
C:+561, +56568, +56569, +56600, +569
R:CL
T:_CLMF


N:Brasilien
A:Brazil
E:Brazil
C:+55
T:BR

N:Brasilien Mobilfunk
E:Brazil cellphone
C:+55664, +55663
R:BR
T:_BRMF


N:Argentinien
A:Argentina
E:Argentina
C:+54
T:AR

N:Argentinien Mobilfunk
E:Argentina cellphone
C:+54414, +5440, +5430, +5428, +5426, +5422, +5421, +5420, +54197, +54193, +54167, +54156, +54153, +5414
R:AR
T:_ARMF


# Source (2001-08):
# http://www.itu.int/itudoc/itu-t/number/c/cub/76193.html
N:Kuba
E:Cuba
C:+53
T:CU

N:Kuba Mobilfunk
E:Cuba cellpone
C:+5361319, +535616, +5352249, +5382749, +53780, +53785, +538264
C:+5332259, +53332668, +53332669, +5341286, +5341287
C:+53333088, +53333089, +53333011, +53333014, +53333081, +53333084
C:+53432458, +53419967, +53419968, +5342210
C:+53213556, +53213557, +53234277, +53234278, +53226688
C:+5324419, +532461, +5331466, +53314677
C:+537264, +5352279, +535679
R:CU
T:_CUMF

N:Guantanamo Bay
A:Guatanamo Bay, Guantanamo Bay (Cuba)
E:Guatanamo Bay
C:+5399
R:US # or CU?
T:_GUAB

N:Guantanamo
C:+5321
R:CU
T:_GUAN


N:Mexiko
E:Mexico
C:+52
T:MX

N:Mexiko Mobilfunk
E:Mexico cellphone
R:MX
T:_MXMF


N:Peru
C:+51
T:PE

N:Peru Mobilfunk
E:Peru cellphone
C:+51946, +51846, +51746, +51646, +51546, +51446, +51346, +51246, +5119, +5116, +5115, +5114
R:PE
T:_PEMF


N:Haiti
C:+509
T:HT

N:Haiti Mobilfunk
E:Haiti cellphone
C:+509251
R:HT
T:_HTMF


N:St. Pierre und Miquelon
A:Saint Pierre und Miquelon, St. Pierre and Miquelon, Saint Pierre et Miquelon
A:St. Pierre & Miquelon,St. Pierre, St. Pierre & Miquel.
E:Saint Pierre and Miquelon
C:+508
R:FR
T:PM

N:St. Pierre und Miquelon Mobilfunk
E:Saint Pierre and Miquelon cellphone
R:PM
T:_PMMF


N:Panama
C:+507
T:PA

N:Panama Mobilfunk
E:Panama cellphone
C:+5076
R:PA
T:_PAMF


N:Costa Rica
A:Kosta Rica
C:+506
T:CR

N:Costa Rica Mobilfunk
E:Costa Rica cellphone
C:+506238, +506283, +506284, +5063
R:CR
T:_CRMF


N:Nicaragua
C:+505
T:NI

N:Nicaragua Mobilfunk
E:Nicaragua cellphone
C:+505800, +505830, +50583, +505832, +5059
R:NI
T:_NIMF


# Source (2003-07-19):
# http://www.itu.int/itudoc/itu-t/number/h/hnd/82323_ww2.doc
N:Honduras
C:+504
T:HN

N:Honduras Mobilfunk
E:Honduras cellphone
C:+5049575, +5049576, +5049577, +5049578, 5049579
C:+504958, +504959
C:+50496, +50497, +50498, +50499
R:HN
T:_HNMF


N:El Salvador
C:+503
T:SV

N:El Salvador Mobilfunk
E:El Salvador cellphone
C:+5038
R:SV
T:_SVMF


N:Guatemala
C:+502
T:GT

N:Guatemala Mobilfunk
E:Guatemala cellphone
C:+50220
R:GT
T:_GTMF


# Source (2001-06-01):
# http://www.itu.int/itudoc/itu-t/number/b/bez/70767.html
N:Belize
C:+501
T:BZ

N:Belize Mobilfunk
E:Belize cellphone
C:+5016
R:BZ
T:_BZMF


N:Falklandinseln
E:Falkland Islands
A:Falkland Islands (Malvinas),Malvinas
C:+500
T:FK
R:UK

N:Falklandinseln Mobilfunk
E:Falkland Islands cellphone
R:FK
T:_FKMF


# Source (2003-03-55):
# http://www.regtp.de/reg_tele/start/in_05-06-01-01-00_m/index.html
# http://www.regtp.de/reg_tele/start/in_05-06-01-00-00_m/index.html
N:Deutschland
E:Germany
C:+49
T:DE

N:Deutschland Mobilfunk
E:Germany cellphone
C:+491511,+49160,+49170,+49171,+49175	# D1
C:+491520,+49162,+49172,+49173,+49174	# D2
C:+49163,+49177,+49178		# Eplus
C:+49176,+49179		# E2
C:+491505		# Quam
C:+491566		# Mobilcom
R:DE
T:_DEMF

N:Deutschland Mobilfunk D1
E:Germany cellphone D1
A:D1, Deutschland Mobilfunk T-Mobile
C:+491511,+49160,+49170,+49171,+49175	# reserved (2002-07-12): +49151
R:_DEMF
T:_DEMD1

N:Deutschland Mobilfunk D2
E:Germany cellphone D2
A:D2, Deutschland Mobilfunk Vodafone
C:+491520,+49162,+49172,+49173,+49174	# reserved (2002-07-12): +49152
R:_DEMF
T:_DEMD2

N:Deutschland Mobilfunk E1
E:Germany cellphone E1
A:E1, Eplus, Deutschland Mobilfunk E-Plus
C:+49163,+49177,+49178	# reserved (2002-07-12): +49155
R:_DEMF
T:_DEME1

N:Deutschland Mobilfunk E2
E:Germany cellphone E2
A:E2, Deutschland Mobilfunk Interkom, Deutschland Mobilfunk O2, O2 Germany
C:+49176,+49179		# reserved (2002-07-12): +49159
R:_DEMF
T:_DEME2

N:Deutschland Mobilfunk Quam
E:Germany cellphone Quam
A:Quam
C:+491505		# reserved (2002-07-12): +49151
R:_DEMF
T:_DEMQ

N:Deutschland Mobilfunk Mobilcom
E:Germany cellphone Mobilcom
C:+491566		# reserved (2002-07-12): +49156
R:_DEMF
T:_DEMM

N:Deutschland Bündelfunk Dolphin Telecom
E:Germany trunk network Dolphin Telecom
C:+491672
R:DE
T:_DEBD

N:Deutschland Premium Rate
E:Germany premium rate
A:Deutschland Mehrwertdienste, Deutschland Premium Rate Dienste
C:+49190 		# will be out of service after 2005-12-31
C:+49900
R:DE
T:_DESO

# http://www.sperr-ev.de/
N:Deutschland Sperr-Notruf
E:Germany block-forwarding
A:Germany block-forwarding service
C:+49116116
R:DE
T:_DESN

N:Deutschland Persönliche Rufnummer
E:Germany personal number
C:+49700		# reserved (2002-05-23): +49701
R:DE
T:_DEPR

N:Deutschland Freephone
E:Germany Freephone
A:Deutschland Freecall
C:+49800, +49801 # Freephone, +49801 is reserved
R:DE
T:_DEFF

N:Deutschland Testrufnummern
E:Germany test numbers
C:+4931
R:DE
T:_DETE

N:Deutschland nat. Teilnehmerrufnummern
E:Germany national subscriber numbers
A:Deutschland nationale Teilnehmerrufnummern, Deutschland NTR
C:+4932
R:DE
T:_DENT

N:Deutschland Cityruf
A:Cityruf, Cityruf Voicebox, Cityruf automatic, Cityruf Operator
A:Cityruf Auftragsdienst
C:+491640, +491641, +491642, +491643, +491644, +491645, +491646, +491647
C:+491648, +491649, +491682, +491683, +491684, +491685, +491686, +491687
C:+491688, +491689, +491690, +491691, +4916951, +4916952
R:DE
T:_DECR

N:Deutschland Scall
A:Scall, Scall (Modemzugang), Scall (Operatorzugang), Scall 1680, Scall 1681
A:Scall Operator, Scall Modem
C:+491680, +491681, +491696, +491699
R:DE
T:_DESC

N:Deutschland TeLMI
A:TeLMI, TeLMI automatic, TeLMI Operator, TeLMI Operatorzugang
C:+491660, +491661, +491665, +491669
R:DE
T:_DETM

N:Deutschland Skyper
A:Skyper, Skyper Operatorzugang, Skyper Operator
C:+491692, +491693, +4916953
R:DE
T:_DESK

N:Deutschland Quix
A:Quix, Quix Service, Quix DTMF
C:+4916500, +4916501, +4916502, +4916503, +4916504, +4916505, +4916506
C:+4916507, +4916508, +491651, +491653, +491654, +491655, +491656
C:+4916591, +4916592, +4916593
R:DE
T:_DEQX

N:Deutschland T-VoteCall
A:Televotecall
C:+49137, +49138
R:DE
T:_DETV

N:Frankfurt
C:+4969
R:DE
T:_FRA


N:Polen
E:Poland
C:+48
T:PL

N:Polen Mobilfunk
E:Poland cellphone
A:Polen-Mobilfunk
C:+48501, +48502, +48601, +48602
R:PL
T:_PLMF


# Source (2004-09-16)
# www.npt.no/pt_internet/e_164/nummerplaner.html
N:Norwegen
E:Norway
C:+47
T:NO

N:Norwegen Mobilfunk
E:Norway cellphone
C:+474, +479
R:NO
T:_NOMF

N:Svalbard
A:Svalbard and Jan Mayen
C:+47790
R:NO
T:SJ

N:Svalbard Mobilfunk
E:Svalbard cellphone
R:SJ
T:_SJMF

# nofix: uninhabited, only automatic meteorological station
#N:Bouvet
#A:Bouvetøya, Liverpool Island, Bouvet Island
#R:NO
#T:BV


N:Schweden
E:Sweden
C:+46
T:SE

N:Schweden Mobilfunk
E:Sweden cellphone
C:+4673, +46709, +46708, +46707, +46706, +46705, +46704, +46703, +46702, +4610
R:SE
T:_SEMF

N:Stockholm
C:+468
R:SE
T:STO


# Source (2003-07-07)
# http://www.itst.dk/wimpdoc.asp?page=tema&objno=95024386
N:Dänemark
E:Denmark
C:+45
T:DK

N:Dänemark Mobilfunk
E:Denmark cellphone
A:Dänemark Mobile
C:+452
C:+4530, +4531
C:+4540
C:+4550, +4551
C:+4560, +4561
R:DK
T:_DKMF

N:Dänemark Freephone
E:Denmark freephone
C:+4580
R:DK
T:_DKFF

N:Sønderjylland
C:+4574, +4573
R:DK
T:_SOEN


# nofix: code assigned is GB, UK is exceptionally reserved
# Source (2003-07-22):
# http://www.oftel.gov.uk/publications/numbering/2003/ntnp_final_c0703.pdf
N:Großbritannien
A:Großbritannien Insel Man Kanalinseln, Great Britain,Großbritanien
A:Großbritannien und Nordirland, England
E:United Kingdom
C:+44
T:UK

# +447[789] excluding Isle of Man and Channel Islands
N:Großbritannien Mobilfunk
E:United Kingdom cellphone
A:Großbritannien Mobile
C:+44770, +44771, +44772, +44773, +44774, +44775, +44776, +44777
C:+447780
C:+447782, +447783, +447784, +447785, +447786, +447787, +447788, +447789
C:+447790, +447791, +447792, +447793, +447794, +447795, +447796
C:+447798, +447799
C:+4477970, +4477971, +4477972, +4477973, +4477974, +4477975, +4477976
C:+4477979
C:+44780, +44781, +44782, +44784, +44785, +44786, +44787, +44788, +44789
C:+447830, +447831, +447832, +447833, +447834, +447835, +447836, +447837
C:+447838
C:+4478390, +4478391, +4478392, +4478393, +4478394, +4478395, +4478396
C:+4478397, +4478399
C:+4479
R:UK
T:_UKMF

N:Großbritannien Sondernummern
E:United Kingdom special numbers
A:United Kingdom Premium Rate
C:+4490
R:UK
T:_UKSO

N:London
C:+4420
R:UK
T:LON

N:Edinburgh
C:+44131
R:UK
T:EDI

# Source (2001-09-17):
# http://www.warwick.ac.uk/search/Phones/nng_list.txt
N:Insel Man (Großbritannien)
A:Insel Man
E:Isle of Man
R:UK
C:+441624	# fixed
C:+447624	# mobile
C:+44808162	# freephone
T:_UKIM

N:Insel Man Mobilfunk
E:Isle of Man cellphone
A:Insel Man (Großbritannien) Mobilfunk
C:+447624
R:_UKIM
T:_IMMF

N:Insel Man Freephone
E:Isle of Man freephone
A:Insel Man (Großbritannien) Freephone
C:+44808162
R:_UKIM
T:_IMFF

# Source see Isle of Man
N:Kanalinseln (Großbritannien)
A:Kanalinseln, Kanalinseln (GB), Guernsey und Jersey
E:Channel Islands
R:UK
C:+441481, +447781, +4478398, +800976		# Guernsey
C:+441534, +4477977, +4477978, +44800735	# Jersey
T:_UKIK

N:Kanalinseln Mobilfunk
E:Channel Islands cellphone
A:Kanalinseln (Großbritannien) Mobilfunk
C:+447781, +4477977, +4477978, +4478398
R:_UKIK
T:_GGMF

N:Kanalinseln Freephone
E:Channel Islands freephone
A:Kanalinseln (Großbritannien) Freephone
C:+44800976, +44800735
R:_UKIK
T:_GGFF

N:Nordirland
E:Northern Ireland
C:+4428
R:UK
T:_UKIR

N:Nordirland Mobilfunk
E:Northern Ireland cellphone
R:_UKMF
T:_UKMN

# nofix: no indigenous inhabitants, used by military and scientists only
#N:South Georgia and the South Sandwich Islands
#R:UK
#T:GS


N:Österreich
E:Austria
A:Osterreich
C:+43
T:AT

N:Österreich Mobilfunk
E:Austria cellphone
C:+43699, +43676, +43664, +43663
R:AT
T:_ATMF

N:Österreich Sondernummern
E:Austria special numbers
C:+4345, +43700, +4371, +4389
T:_ATSO

N:Österreich Auskunft
A:Auskunft Austria
E:Austria information
C:+4366211811
R:AT
T:_ATAK

N:Wien
E:Vienna
C:+431
R:AT
T:VIE


# +424 .. +429 -- Spare codes


# Source (2002-08-05):
# http://www.ak.li/en/cc423NumberingPlan.asp
N:Liechtenstein
A:Lichtenstein, Fürstentum Liechtenstein
C:+423			# since 1999-04-05
C:+4175			# until 2003(?), portion of CH=+41 
T:LI

N:Liechtenstein Mobilfunk
E:Liechtenstein cellphone
C:+42376, +42377, +42378, +42379
R:LI
T:_LIMF

N:Freephone Liechtenstein
C:+42380
R:LI
T:_LIFF


# +422 -- Spare code


# Source (2002-06-03):
# http://www.teleoff.gov.sk/Cislovanie/listnumb.html
N:Slowakische Republik
A:Slowakei, Slowakische Rep., Slowak. Rep., Slovakia
E:Slovak Republic
C:+421
T:SK

N:Slowakische Republik Mobilfunk
E:Slovak Republic cellphone
A:Slowakei Mobilfunk
C:+421902, +421903, +421904	# Eurotel Bratislava GSM
C:+421905, +421906, +421907, +421908, +421915	# Globtel GSM
R:SK
T:_SKMF


# Source (2002-09-22):
# http://www.ctu.cz/english/announ.pdf
N:Tschechische Republik
A:Tschechien, Tschechische Rep., Tschech. Rep.
E:Czech Republic
C:+420
T:CZ

N:Tschechische Rep. Mobilfunk
E:Czech Republic cellphone
C:+420602, +420603, +420604	# temporary assignment (2002-09-22) 
C:+42072, +42073, +42077
C:+420963		# ? voice mail 
R:CZ
T:_CZMF

N:Freephone Tschechische Rep.
E:Czech Republic freephone
C:+420800
R:CZ
T:_CZFF


# Source (2001-11-20)
# http://www.bakom.ch/imperia/md/content/english/telecomdienste/prescriptionstechniques/3.pdf
N:Schweiz
E:Switzerland
C:+41
T:CH

N:Schweiz Mobilfunk
E:Switzerland cellphone
C:+4176, +4177, +4178, +4179
R:CH
T:_CHMF

N:Freephone Schweiz
A:Plus Freephone Service (Schweiz)
E:Plus Freephone Service (Switzerland)
C:+41800
R:CH
T:_CHFF

N:Genf
E:Geneva
C:+4122
R:CH
T:GVA

N:Zurich
C:+411
C:+4143,+4144
R:CH
T:ZRH


N:Rumänien
E:Romania
C:+40
T:RO

N:Rumänien Mobilfunk
E:Romania cellphone
C:+4092, +4094
R:RO
T:_ROMF


N:Italien
E:Italy
A:Italien POPs
C:+39
T:IT

N:Italien Mobilfunk
E:Italy cellphone
C:+39368, +39360, +39349, +39348, +39347, +39339, +39338, +39337, +39336, +39335, +39330, +39329, +39328
R:IT
T:_ITMF

N:Mailand
E:Milan
A:Italien - Mailand
C:+392,+3902
R:IT
T:MIL

N:Rom
E:Rome
A:Italien - Rom
C:+396
R:IT
T:ROM

N:Vatikan
A:Vatikanstadt / Rom, Vatikanstadt, Vatican City
E:Vatican City State
C:+379, +3906 	# +379 is reserved for future use
T:VA
R:IT

N:Vatikan Mobilfunk
E:Vatican City State cellphone
R:VA
T:_VAMF


# Source (2001-11-15):
# http://www.itu.int/itudoc/itu-t/number/s/svn/71836.html
N:Mazedonien
E:Macedonia
C:+389
T:MK

N:Mazedonien Mobilfunk
E:Macedonia cellphone
C:+38970
R:MK
T:_MKMF


# +388 -- Group of countries
# +3883 -- European Teleplony Numbering Space (ETNS)


# Source (2001-11-29):
# http://www.itu.int/itudoc/itu-t/number/b/bih/71264.html
N:Bosnien-Herzegowina
E:Bosnia and Hercegovina
A:Bosnien-Herzegovina, Bosnien, Bosnien und Herzegowina
C:+387
T:BA

N:Bosnien-Herzegowina Mobilfunk
E:Bosnia and Hercegovina cellphone
A:Bosnien und Herzegowina Mobilfunk
C:+38761, +38763, +38765
R:BA
T:_BAMF


# Source (2001-06-11):
# http://www.itu.int/itudoc/itu-t/number/s/svn/71836.html
N:Slowenien
E:Slovenia
C:+386
T:SI

N:Slowenien Mobilfunk
E:Slovenia cellphone
C:+38620, +38621, +38630, +38631, +38640, +38641, +38649
C:+38650, +38651, +38660, +38661, +38670, +38671
R:SI
T:_SIMF


# Source (2001-10-22):
# http://www.itu.int/itudoc/itu-t/number/c/cro/75465.html
N:Kroatien
E:Croatia
A:Croatia (Hrvatska),Hrvatska
C:+385
T:HR

N:Kroatien Mobilfunk
E:Croatia cellphone
C:+38591, +38598, +38599
R:HR
T:_HRMF


# +382 .. +384 -- Spare codes


# fixme: code YU ("Yugoslawia") was deleted 2003-07,
# should be CS ("Serbia and Montenegro")
# Source (2002-12-05):
# http://www.itu.int/itudoc/itu-t/number/y/yug/82105_ww2.doc
N:Serbien und Montenegro
A:Jugoslawien
A:Jugoslawien (Serbien/Montenegro), Serbien, Montenegro, Yugoslavia (Servia & Montenegro)
A:Jugoslawien Montenegro, Jugoslawien Serbien und Montenegro, Jugoslawien-Serbien
E:Serbia and Montenegro
A:Yugoslavia
C:+381
T:YU

N:Serbien und Montenegro Mobilfunk
A:Jugoslawien Mobilfunk
E:Serbia and Montenegro cellphone
A:Yugoslavia cellphone
C:+38161, +38163, +38164, +38165, +38167, +38169
C:+381663, +381664, +381665, +381666, +381667
R:YU
T:_YUMF


# Source (2002-03-14):
# http://www.itu.int/itudoc/itu-t/number/u/ukr/78457.html
N:Ukraine
C:+380
T:UA

N:Ukraine Mobilfunk
E:Ukraine cellphone
C:+38050
R:UA
T:_UAMF


# +379 -- Vatican City State, reserved for future use, see +39 (Italy)


N:San Marino
C:+378
T:SM

N:San Marino Mobilfunk
E:San Marino cellphone
R:SM
T:_SMMF


N:Monaco
C:+377
T:MC

N:Monaco Mobilfunk
E:Monaco cellphone
C:+3776
R:MC
T:_MCMF


# Source (1998-07-14):
# http://www.itu.int/itudoc/itu-t/number/a/and/75461.html
N:Andorra
C:+376
T:AD

N:Andorra Mobilfunk
E:Andorra cellphone
C:+3763
R:AD
T:_ADMF


N:Weissrussland
A:Weissrussland Belarus
E:Belarus
A:Belarus (Weißrußland)
C:+375
T:BY

N:Weissrussland Mobilfunk
E:Belarus cellphone
R:BY
T:_BYMF


# Source (2002-02-21)
# http://www.itu.int/itudoc/itu-t/number/a/arm/71086.html
N:Armenien
E:Armenia
C:+374
T:AM

N:Armenien Mobilfunk
E:Armenia cellphone
C:+3747, +374940, +374941
R:AM
T:_AMMF


# Source (2003-08-19):
# http://www.itu.int/itudoc/itu-t/number/m/mda/84396.html
N:Moldau (Republik)
A:Moldau Republik, Moldavien, Moldawien, Moldau, Republik Moldau
E:Moldova
C:+373
T:MD

N:Moldau (Republik) Mobilfunk
A:Moldau Mobilfunk, Republik Moldau Mobilfunk
A:Moldawien Mobilfunk
E:Moldova cellphone
C:+37369, +37379
R:MD
T:_MDMF


N:Estland
E:Estonia
C:+372
T:EE

N:Estland Mobilfunk
E:Estonia cellphone
C:+37250, +37251, +37252, +37253, +37254, +37255, +37256
R:EE
T:_EEMF


# Source (2002-10-21):
# http://www.itu.int/itudoc/itu-t/number/l/ltu/81903_ww2.doc
N:Lettland
E:Latvia
A:Lettland (Latvia)
C:+371
T:LV

N:Lettland Mobilfunk
E:Latvia cellphone
C:+37116, +37161 			# reserved
C:+37162, +37162, +37163, +37165
C:+37191, +37192, +37193, +37194
R:LV
T:_LVMF


# Source (2003-05-04):
# http://www.rrt.lt/numeracija/en/index.htm
N:Litauen
E:Lithuania
C:+370
T:LT

N:Litauen Mobilfunk
E:Lithuania cellphone
C:+3706		# old numbers closed 2002-09-01
R:LT
T:_LTMF


# Source (2003-11-18)
# http://www.itu.int/itudoc/itu-t/number/h/hun/82458.html
N:Ungarn
E:Hungary
C:+36
T:HU

N:Ungarn Mobilfunk
E:Hungary cellphone
C:+3620					# PANNOM GSM
C:+3630					# WESTEL Mobile
C:+3670					# Vodafone
# +3650 (paging), +3660 (mobile) have been withdrawn 2003-10-31
R:HU
T:_HUMF


# Source (2003-05-04)
# http://www.crc.bg/v2/files/en/585.htm
N:Bulgarien
E:Bulgaria
C:+359
T:BG

N:Bulgarien Mobilfunk
E:Bulgaria cellpone
C:+35948, +35987, +35988 		# assigned
C:+35949, +35989, +35998, +35999 	# reserved
R:BG
T:_BGMF


# Source (2004-09-02):
# http://www.ficora.fi/englanti/tele/kansallinen_numerointisuunnitelma.htm
N:Finnland
E:Finland
C:+358
T:FI

N:Finnland Mobilfunk
E:Finland cellphone
C:+3584, +35850
R:FI
T:_FIMF

# According to http://www.aland.fi/, the Åland Islands form an autonomous
# demilitarized and unilingually Swedish province of Finland.
N:Åland Inseln
E:Åland Islands
A:Aland Inseln, Aland Islands
C:+35818
R:FI
T:AX

N:Åland Inseln Mobilfunk
E:Åland Islands cellphone
A:Aland Inseln Mobilfunk, Aland Islands cellphone
C:+3584570, +3584573, +3584575
R:_FIMF
T:_AXMF


# Quelle (2003-05-04):
# http://www.cyta.com.cy/tesa/uk/ti.htm
N:Zypern
E:Cyprus
A:Zypern (Griechisch), Zypern (griech.), Zypern Süd
C:+357
T:CY

N:Zypern(griech) Mobilfunk
A:Zypern-Mobilfunk, Zypern Mobilfunk
E:Cyprus cellphone
C:+3579992, +357994, +357995, +357996, +357998
R:CY
T:_CYMF

N:Zypern (Türkisch)
A:Zypern (Nord), Zypern (Nordzypern), Cyprus (north), Cyprus (turk)
A:Zypern (Türk.), Nordzypern
E:Turk Cyprus
C:+90392
R:TK
T:_CYTK


# Source (2002-06-18):
# http://www.mca.org.mt/images/library/NumberingPlan%20%20for%20web%20site.pdf
N:Malta
C:+356
T:MT

N:Malta Mobilfunk
E:Malta cellphone
C:+35679, +35699
R:MT
T:_MTMF


N:Albanien
E:Albania
C:+355
T:AL

N:Albanien Mobilfunk
E:Albania cellphone
R:AL
T:_ALMF


# Source (2002-02-28) 
# http://www.pta.is/english/numbering/mobilecodes.htm
N:Island
E:Iceland
C:+354
T:IS

N:Island Mobilfunk
E:Iceland cellphone
C:+354388, +354389
C:+354398, +354399
C:+354620, +354621, +354622, +354623, +354624, +354625
C:+354630
C:+354649
C:+354650, +354659
C:+354660, +354661, +354662, +354663, +354664
C:+354670, +354671, +354672, +354673, +354674
C:+35468
C:+35469
C:+35482	
C:+35483
C:+354840, +354846, +354847, +354848, +354849
C:+35485
C:+35486
C:+354870, +354871, +354872, +354873, +354876, +354878
C:+35488
C:+35489
R:IS
T:_ISMF


N:Irland
E:Ireland
C:+353
T:IE

N:Irland Mobilfunk
E:Ireland cellphone
C:+35389, +35388, +35387, +35386
R:IE
T:_IEMF


N:Luxemburg
E:Luxembourg
C:+352
T:LU

N:Luxemburg Mobilfunk
E:Luxembourg cellphone
C:+352021
R:LU
T:_LUMF


N:Portugal
C:+351
T:PT

N:Portugal Mobilfunk
E:Portugal cellphone
C:+35193
R:PT
T:_PTMF

N:Azoren
A:Portugal-Azoren
C:+35196, +35195, +35192
R:PT
T:_AZOR

N:Madeira
A:Portugal-Madeira, Maderia
C:+35191
R:PT
T:_MADE


# Source (2003-09-20):
# http://www.gra.gi/docs/Public_Numbering_Plan.xls 
N:Gibraltar
C:+350
T:GI
R:UK

N:Gibraltar Mobilfunk
E:Gibraltar cellphone
C:+35054, +35056, +35057, +35058
R:GI
T:_GIMF

N:Gibraltar Freephone
E:Gibraltar freephone
C:+35080
R:GI
T:_GIFF


# Source (1998-02-19):
# http://www.itu.int/itudoc/itu-t/number/s/esp/73478.html
N:Spanien
E:Spain
C:+34
T:ES

N:Spanien Mobilfunk
E:Spain cellphone
C:+346
R:ES
T:_ESMF

N:Tarragona
A:Spanien - Tarragona
C:+34977
R:ES
T:TARR

N:Gerona
A:Spanien - Gerona
C:+34972
R:ES
T:GRO

N:Mallorca
A:Spanien - Mallorca
C:+34971
R:ES
T:PMI

N:Valencia
A:Spanien - Valencia
C:+3496
R:ES
T:VLC

N:Bilbao
A:Spanien - Bilbao
C:+3494
R:ES
T:BIO

N:Barcelona
A:Spanien - Barcelona
C:+3493
R:ES
T:BCN

N:Kanarische Inseln
A:Spanien Kanarische Inseln
E:Canary Islands
C:+34928
R:ES
T:PLP

N:Teneriffa
E:Tenerife
C:+34922
R:ES
T:TFN

N:Madrid
A:Spanien - Madrid
C:+341
C:+3491
R:ES
T:MAD


N:Frankreich
E:France
C:+33
T:FR

N:Frankreich Mobilfunk
E:France cellphone
C:+336, +33171
R:FR
T:_FRMF

N:Paris
C:+331
R:FR
T:PAR

# nofix: uninhabited, atoll in the Pacific OCean
#N:Clipperton Island
#R:FR
#T:CP

# nofix: no indigenous inhabitants, used for fishing and research only
#N:FrencH Southern Territories
#A:French Southern and Antarctic Lands
#R:FR
#T:TF

N:Belgien
E:Belgium
C:+32
T:BE

N:Belgien Mobilfunk
E:Belgium cellphone
C:+3275, +32496, +32495, +32486, +32477, +32476, +32475, +3218, +3217
R:BE
T:_BEMF

N:Antwerpen
C:+323
R:BE
T:ANR

N:Brüssel
E:Brussels
A:Brussel
C:+322
R:BE
T:BRU

N:Leuven
C:+3216
R:BE
T:_LEUV


N:Niederlande
A:Holland
E:the Netherlands
C:+31
T:NL

N:Niederlande Mobilfunk
E:Netherlands cellphone
C:+3165, +3162, +3161
R:NL
T:_NLMF

N:Freephone Niederlande
E:Freephone Netherlands
A:Freephone NL, Freephone (Niederl.), Plus Freephone Service (Niederl.)
C:+31800
R:NL
T:_NLFF

N:Den Haag
C:+3170
R:NL
T:HAG

N:Amsterdam
C:+3120
R:NL
T:_AMS

N:Rotterdam
C:+3110
R:NL
T:RTM


N:Griechenland
E:Greece
C:+30
T:GR

N:Griechenland Mobilfunk
E:Greece cellphone
C:+309
R:GR
T:_GRMF


# Source (2000-09-18):
# http://www.itu.int/itudoc/itu-t/number/g/gre/82117_ww2.doc
N:Grönland
E:Greenland
C:+299
T:GL
R:DK

N:Grönland Mobilfunk
E:Greenland cellphone
C:+29949, +29952, +29953, +29954, +29955, +29956, +29957, +29958, +29959
R:GL
T:_GLMF


# Source (2003-10-27):
# http://www.fse.fo/images/sidur/2_200310271729_403.xls
N:Färöer-Inseln
A:Färöer, Faröer, Faröer Inseln, Faroer Inseln, Fäeroer
E:Faroe Islands
C:+298
T:FO
R:DK

N:Färöer-Inseln Mobilfunk
E:Faroe Islands cellphone
A:Färöer Inseln Mobilfunk, Färöer Mobilfunk
C:+29821, +29822, +29823, +29824, +29825, +29826, +29827, +29828, +29829
C:+2985
C:+29871, +29872, +29873, +29874, +29875, +29876, +29877, +29878, +29879
C:+29891, +29892, +29893, +29894, +29895, +29896, +29897, +29898, +29899
R:FO
T:_FOMF


# Source (1993-09-30):
# http://www.itu.int/itudoc/itu-t/number/a/aru/75916.html
N:Aruba
C:+297
T:AW

N:Aruba Mobilfunk
E:Aruba cellphone
C:+2979
R:AW
T:_AWMF


# +292 .. +296 -- Spare codes


# Source (2001-04-17):
# http://www.itu.int/itudoc/itu-t/number/e/eri/79141.html
N:Eritrea
C:+291
T:ER

N:Eritrea Mobilfunk
E:Eritrea cellphone
C:+291171, +291172, +291173
R:ER
T:_ERMF


N:St. Helena
E:Saint Helena
C:+290
T:SH
R:UK

N:St. Helena Mobilfunk
E:Saint Helena cellphone
R:SH
T:_SHMF

# fixme: +289 is unallocated.  This island has about 300 inhabitants.
N:Tristan da Cunha
C:+2897
R:SH
T:_TRIS


# +280 .. +289 -- Spare codes, reserved for E.164 country code expansion.


N:Südafrika
A:Sudafrika
E:South Africa
C:+27
T:ZA

N:Südafrika Mobilfunk
E:South Africa cellphone
C:+2782, +2783
R:ZA
T:_ZAMF


N:Komoren
E:Comoros
C:+269
T:KM

N:Komoren Mobilfunk
E:Comoros cellphone
R:KM
T:_KMMF

# Source (2002-08-23):
# http://www.global269.com/global269/jsp/implementation.jsp
N:Global269
A:Global 269
C:+269800
R:KM
T:_KMFF

# Source (2001-10-23):
# http://www.itu.int/itudoc/itu-t/number/m/mat/76022.html
N:Mayotte
A:Mayotte Inseln, Mayotte Island
C:+26960, +26961, +26962, +26965, +26966, +26967, +26968, +26969
T:YT
R:KM

N:Mayotte Mobilfunk
E:Mayotte cellphone
C:+26965, +26966, +26967, +26968, +26969
R:YT
T:_YTMF


# Source (2002-05-09):
# http://www.itu.int/itudoc/itu-t/number/s/swz/75920.html
N:Swasiland
E:Swaziland
C:+268
T:SZ

N:Swasiland Mobilfunk
E:Swaziland cellphone
C:+26860
R:SZ
T:_SZMF


N:Botsuana
A:Botswana Republic, Botsuana (Botswana)
E:Botswana
C:+267
T:BW

N:Botsuana Mobilfunk
E:Botswana cellphone
R:BW
T:_BWMF


# Source (2003-02-23)
# http://www.lta.org.ls/
N:Lesotho
C:+266
T:LS

N:Lesotho Mobilfunk
E:Lesotho cellphone
C:+2665, +2666
R:LS
T:_LSMF


# Source (2002-01-09):
# http://www.itu.int/itudoc/itu-t/number/m/mwi/76657.html
N:Malawi
C:+265
T:MW

N:Malawi Mobilfunk
E:Malawi cellphone
C:+26508, +26509
R:MW
T:_MWMF


# Source (2002-02-21):
# http://www.itu.int/itudoc/itu-t/number/n/nam/79056.html
N:Namibia
C:+264
T:NA

N:Namibia Mobilfunk
E:Namibia cellphone
C:+26481
R:NA
T:_NAMF


# Source (2001-07-11):
# http://www.itu.int/itudoc/itu-t/number/z/zwe/76048.html
N:Simbabwe
E:Zimbabwe
C:+263
T:ZW

N:Simbabwe Mobilfunk
E:Zimbabwe cellphone
C:+2637
R:ZW
T:_ZWMF


N:Reunion
A:Réunion, Reunion Island, Reunion Islands
C:+262
T:RE
R:FR

N:Reunion Mobilfunk
E:Reunion cellphone
R:RE
T:_REMF


N:Madagaskar
E:Madagascar
C:+261
T:MG

N:Madagaskar Mobilfunk
E:Madagascar cellphone
R:MG
T:_MGMF


# Source (1999-11-22):
# http://www.caz.gov.zm/numbers_plan.html
N:Sambia
E:Zambia
C:+260
T:ZM

N:Sambia Mobilfunk
E:Zambia cellphone
C:+26017
R:ZM
T:_ZMMF


# +259 -- Spare code


N:Mosambik
A:Mozambik
E:Mozambique
C:+258
T:MZ

N:Mosambik Mobilfunk
E:Mozambique cellphone
R:MZ
T:_MZMF


N:Burundi
C:+257
T:BI

N:Burundi Mobilfunk
E:Burundi cellphone
R:BI
T:_BIMF


N:Uganda
C:+256
T:UG

N:Uganda Mobilfunk
E:Uganda cellphone
R:UG
T:_UGMF


# Source (2000-06-20):
# http://www.itu.int/itudoc/itu-t/number/t/tan/71089.html
N:Tansania
A:Sansiba
E:Tanzania
C:+255
T:TZ

N:Tansania Mobilfunk
E:Tanzania cellphone
C:+25574
R:TZ
T:_TZMF

N:Sansibar
E:Zanzibar
C:+25524		# including Pemba and Unguja
R:TZ
T:_TZZZ


# Source (2002-08-24):
# http://www.cck.go.ke/newnumbers/numbernew.html
N:Kenia
E:Kenya
C:+254
T:KE

N:Kenia Mobilfunk
E:Kenya cellphone
C:+2547
R:KE
T:_KEMF


N:Dschibuti
E:Djibouti
C:+253
T:DJ

N:Dschibuti Mobilfunk
E:Djibouti cellphone
R:DJ
T:_DJMF


N:Somalia
C:+252
T:SO

N:Somalia Mobilfunk
E:Somalia cellphone
R:SO
T:_SOMF


# Source (2000-08-13):
# http://www.itu.int/itudoc/itu-t/number/e/eth/73270.html
N:Äthiopien
E:Ethiopia
A:Äthopien,Athiopien
C:+251
T:ET

N:Äthiopien Mobilfunk
E:Ethiopia cellphone
C:+251920, +251921, +251922, +251923, +251929
R:ET
T:_ETMF


# Source (2000-08-04)
# http://www.itu.int/itudoc/itu-t/number/r/rwa/75919.html
N:Ruanda
E:Rwanda
C:+250
T:RW

N:Ruanda Mobilfunk
E.Rwanda cellphone
C:+250081, +250082, +250083, +250084, +250085
R:RW
T:_RWMF


N:Sudan
C:+249
T:SD

N:Sudan Mobilfunk
E:Sudan cellphone
R:SD
T:_SDMF


# Source (2000-11-15):
# http://www.itu.int/itudoc/itu-t/number/s/syc/72016.html
N:Seychellen
A:Seyschellen, Seychelles Islands
E:Seychelles
C:+248
T:SC

N:Seychellen Mobilfunk
E:Seychelles cellphone
C:+2485
R:SC
T:_SCMF


# fixme: code should be AC ("Ascension Island"),
# ASI is Georgetown, St. Helena (SH), about 1000 km south-east of Ascension.
N:Ascension
A:Ascension Isle, Ascension Island, Ascension Inseln, Ascension Inseln (GB)
C:+247
R:SH 		# belongs politically to St. Helena
T:ASI

N:Ascension Mobilfunk
E:Ascension cellphone
R:ASI
T:_ACMF


# fixme: code should be DG ("Diego Garcia"), till 2016 leased to US Military,
# belongs to British Indian Ocean Territory (IO)
N:Diego Garcia
C:+246
T:NKW

N:Diego Garcia Mobilfunk
E:Diego Garcia cellphone
R:NKW
T:_DGMF


N:Guinea-Bissau
C:+245
T:GW

N:Guinea-Bissau Mobilfunk
E:Guinea-Bissau cellphone
R:GW
T:_GWMF


# Source (2001-07-31):
# http://www.itu.int/itudoc/itu-t/number/a/ago/75259.html
N:Angola
C:+244
T:AO

N:Angola Mobilfunk
E:Angola cellphone
C:+24491, +24492
R:AO
T:_AOMF


# fixme: code ZR ("Zaire") was deleted 1997-07,
# should be CD ("Congo, The Democratic Republic of the")
N:Kongo (Demokratische Republik)
A:Kongo (DR), Demokratische Republik Kongo, Democratic Republic of the Congo
A:Zaire 	# till 1997
E:Congo (Democratic Republic of the)
C:+243
T:ZR 	# internet cc-TLD may be .cd

N:Kongo (Demokratische Republik) Mobilfunk
E:Congo (Democratic Republik of the) cellphone
A:Zaire Mobilfunk, Zaire cellphone
C:+24388
R:ZR
T:_ZRMF


N:Kongo (Republik)
A:Kongo, Kongo (Rebublik), Republik Kongo, Republic of the Congo, Congo
E:Congo (Republic of the)
C:+242
T:CG

N:Kongo (Republik) Mobilfunk
E:Congo (Republic of the) cellphone
R:CG
T:_CGMF


# Source (2002-12-11):
# http://www.itu.int/itudoc/itu-t/number/g/gab/82836_ww2.doc
N:Gabun
E:Gabon
C:+241
T:GA

N:Gabun Mobilfunk
E:Gabon cellphone
C:+24103, +24104, +24105, +24106, +24107, +24108, +24109
C:+2412, +2413
C:+24151, +24152, +24153, +24157
C:+24161, +24163, +24168, +24175
C:+24180, +24181, +24189, +24191, +24194
R:GA
T:_GAMF


N:Äquatorial-Guinea
E:Equatorial Guinea
A:Aquatorial Guinea
C:+240
T:GQ

N:Äquatorial-Guinea Mobilfunk
E:Equatorial Guinea cellphone
R:GQ
T:_GQMF


N:Sao Tome und Principe
A:Sao Tome et Principe, Sao Tome and Principa, Sao Tome, Sao Tomé
E:Sao Tome and Principe
C:+239
T:ST

N:Sao Tome und Principe Mobilfunk
E:Sao Tome and Principe cellphone
R:ST
T:_STMF


N:Cape Verde
A:Kap Verde, Cap Verde, Kapverdische Inseln, Kap Verde Inseln
C:+238
T:CV

N:Cape Verde Mobilfunk
E:Cape Verde cellphone
R:CV
T:_CVMF


# Source: (2002-02-27):
# http://www.itu.int/itudoc/itu-t/number/c/cam/75552.html
N:Kamerun
E:Cameroon
C:+237
T:CM

N:Kamerun Mobilfunk
E:Cameroon cellphone
C:+23776, +23777, +23798, +23799
R:CM
T:_CMMF


N:Zentralafrikanische Republik
A:Zentral Afrika (Rep.), Zentralafrika
E:Central African Republic
C:+236
T:CF

N:Zentralafrikanische Republik Mobilfunk
E:Central African Republic cellphone
R:CF
T:_CFMF


N:Tschad
A:Chad
E:Chad Republic
C:+235
T:TD

N:Tschad Mobilfunk
E:Chad Republic cellphone
R:TD
T:_TDMF


N:Nigeria
C:+234
T:NG

N:Nigeria Mobilfunk
E:Nigeria cellphone
R:NG
T:_NGMF


# Source (2003-12-16):
# http://www.itu.int/itudoc/itu-t/number/g/gha/85550.html
N:Ghana
C:+233
T:GH

N:Ghana Mobilfunk
E:Ghana cellphone
C:+23320, +23324, +23327, +23328
R:GH
T:_GHMF


# Source (2002-01-07):
# http://www.itu.int/itudoc/itu-t/number/s/sle/77986.html
N:Sierra Leone
C:+232
T:SL

N:Sierra Leone Mobilfunk
E:Sierra Leone cellphone
C:+23223, +23230, +23276
R:SL
T:_SLMF


N:Liberia
C:+231
T:LR

N:Liberia Mobilfunk
E:Liberia cellphone
R:LR
T:_LRMF


# Source (2001-12-11):
# http://www.itu.int/itudoc/itu-t/number/m/mli/79972.html
N:Mauritius
C:+230
T:MU

N:Mauritius Mobilfunk
E:Mauritius cellphone
R:MU
T:_MUMF

N:Mauritius Mobilfunk
E:Mauritius cellphone
C:+23025
C:+230421, +230422, +230423
C:+230491, +230492, +230493, +230494, +230495
C:+230497, +230498, +230499
C:+230720, +230721, +230729
C:+23073, +23075, +23076, +23077
R:MU
T:_MUFF


N:Benin
C:+229
T:BJ

N:Benin Mobilfunk
E:Benin cellphone
R:BJ
T:_BJMF


# Source (2001-07-05):
# http://www.itu.int/itudoc/itu-t/number/t/tgo/74129.html
N:Togo
C:+228
T:TG

N:Togo Mobilfunk
A:Togo cellphone
C:+2289
R:TG
T:_TGMF


# fixme: code should be NE ("Niger),
# NGR is Ningerum, Papua New Guinea (PG)
N:Niger
E:Niger Republic
C:+227
T:NGR

N:Niger Mobilfunk
E:Niger cellphone
R:NGR
T:_NEMF


# Source (2001-08-02)
# http://www.itu.int/itudoc/itu-t/number/b/bfa/76021.html
N:Burkina Faso Obervolta
A:Obervolta
E:Burkina Faso
C:+226
T:BF

N:Burkina Faso Mobilfunk
E:Burkina Faso cellphone
C:+2262
C:+22660, +22661, +22662, +22663, +22664, +22665
C:+22680, +22681, +22682, +22683, +22685, +22685
R:BF
T:_BFMF


N:Elfenbeinküste Cote de Ivoire
A:Cote d'Ivoire (Elfenbeinküste), Cote d'Ivoire, Elfenbeinküste
A:Cote DIvoire (Ivory Coast)
A:Cote d'Ivoiry
E:Ivory Coast
C:+225
T:CI

N:Elfenbeinküste Cote de Ivoire Mobilfunk
E:Ivory Coast cellphone
R:CI
T:_CIMF


N:Guinea
E:Guinea Republic
C:+224
T:GN

N:Guinea Mobilfunk
E:Guinea Republic cellphone
R:GN
T:_GNMF


# Source (2002-06-21):
# http://www.itu.int/itudoc/itu-t/number/m/mli/79972.html
N:Mali
A:Mali Rep.
E:Mali Republic
C:+223
T:ML

N:Mali Mobilfunk
E:Mali cellphone
C:+22367
R:ML
T:_MLMF


# Source (2001-02-04):
# http://www.itu.int/itudoc/itu-t/number/m/mrt/73079.html 
N:Mauretanien
E:Mauritania
C:+222
T:MR

N:Mauretanien Mobilfunk
E:Mauritania cellphone
C:+2226
R:MR
T:_MRMF


# Source (1997-08-13):
# http://www.itu.int/itudoc/itu-t/number/s/sen/78131.html
N:Senegal
E:Senegal Republic
C:+221
T:SN

N:Senegal Mobilfunk
E:Senegal cellphone
C:+2216
R:SN
T:_SNMF


# Source (2002-01-03):
# http://www.itu.int/itudoc/itu-t/number/g/gmb/77448.html 
N:Gambia
C:+220
T:GM

N:Gambia Mobilfunk
E:Gambia cellphone
C:+2209
R:GM
T:_GMMF


# +219 -- Spare code


N:Libyen
A:Libysch-Arabische Dschamahirija, Lybien, Lybisch-Arabische Dschamahija
A:Libysch-Arabische-Republik
E:Libya
C:+218
T:LY

N:Libyen Mobilfunk
E:Libya cellphone
R:LY
T:_LYMF


# +217 -- Spare code


# Source (2001-09-08):
# http://www.itu.int/itudoc/itu-t/number/t/tunis/74494.html
N:Tunesien
E:Tunisia
A:Tunesia
C:+216
T:TN

N:Tunesien Mobilfunk
E:Tunisia cellphone
C:+21698
R:TN
T:_TNMF


# +214 .. +215 -- Spare codes


# Source (2000-08-15):
# http://www.itu.int/itudoc/itu-t/number/a/alg/70713.html
N:Algerien
E:Algeria
C:+213
T:DZ

N:Algerien Mobilfunk
E:Algeria cellphone
C:+21361
R:DZ
T:_DZMF


# Source (2001-08-08):
# http://www.itu.int/itudoc/itu-t/number/m/mar/70657.html
N:Marokko
E:Morocco
A:Marocco
C:+212
T:MA		 # T:EH up to V:1.40 

N:Marokko Mobilfunk
E:Morocco cellphone
C:+2126
R:MA
T:_MAMF

N:Western Sahara
C:+21248	# Lâayoune, maybe incomplete 
R:MA
T:EH

N:Western Sahara Mobilfunk
E:Western Sahara cellphone
R:EH
T:_EHMF


# +210 .. 211 -- Spare codes


N:Ägypten
E:Egypt
A:Agypten
C:+20
T:EG

N:Ägypten Mobilfunk
E:Egypt cellphone
C:+2012
R:EG
T:_EGMF


# source: http://www.teltronics.com/beyond.html
# Source (2002-08-12) for the list of canadian NPA (+1NPA):
# http://www.cnac.ca/mapcodes.htm
N:Kanada
E:Canada
C:+1204, +1250, +1289, +1306, +1403, +1416, +1418, +1450, +1506, +1514, +1519
C:+1604, +1613, +1647, +1705, +1709, +1778, +1780, +1807, +1819, +1867
C:+1902, +1905
C:+1438 	# from 2003-03-17 for test, in service 2004-02-14
C:+1600		# nationwide (SAC)
T:CA

# fixme: _CAMF must follow CA due to identical number codes
# for priority of _CAMF
N:Kanada Mobilfunk
E:Canada cellphone
C:+1204, +1250, +1306, +1403, +1416, +1418, +1450, +1506, +1514, +1519, +1600, +1604, +1613, +1705, +1709, +1780, +1807, +1819, +1867, +1902, +1905
R:CA
T:_CAMF


N:Jamaika
E:Jamaica
C:+1876
T:JM

N:Jamaika Mobilfunk
E:Jamaica cellphone
R:JM
T:_JMMF


N:St. Kitts und Nevis
A:St. Kitts & Nevis, Saint Kitts and Nevis, St Kitts, Nevis Islands
A:Nevis/St.Kitts
A:Nevis,Nevis Is.
E:St. Kitts and Nevis
C:+1869
T:KN

N:St. Kitts und Nevis Mobilfunk
E:St. Kitts and Nevis cellphone
R:KN
T:_KNMF


# Source (2002-07-10):
# http://www.itu.int/itudoc/itu-t/number/t/tto/79162.html
N:Trinidad und Tobago
A:Trinidad & Tobago
E:Trinidad and Tobago
C:+1868
T:TT

N:Trinidad und Tobago Mobilfunk
E:Trinidad and Tobage cellphone
C.+1686620
C:+1686680, +1686681, +1686682, +1686683, +1686684, +1686685, +168686
C:+1686688, +1686689
C:+18687
R:TT
T:_TTMF


# Source (2002-02-22):
# http://www.indotel.org.do/Site/codigos.htm
# +1809 is nowadays used by Dominican Republic only
N:Dominikanische Republik
E:Dominican Republic
A:Dominikanische Rep., Dom Rep, Domin. Rep.
C:+1809
T:DO

N:Dominikanische Rep. Mobilfunk
A:Domin. Rep.-Mobilfunk, Dominikanische Republik Mobilfunk
E:Dominican Republic cellphone
# fixme: list shortened due to limitations, see note at top of file
#C:+1809204, +1809222, +1809223, +1809224, +1809249, +1809250, +1809251
#C:+1809252, +1809253, +1809254, +1809256, +1809257, +1809258, +1809280
#C:+1809281, +1809282, +1809292, +1809293, +1809299, +1809301, +1809310
#C:+1809321, +1809322, +1809323, +1809324, +1809325, +1809326, +1809327
#C:+1809330, +1809340, +1809341, +1809342, +1809343, +1809344, +1809345
C:+1809348, +1809350, +1809360, +1809370, +1809383, +1809395, +1809396
C:+1809399
C:+180942
C:+1809445, +1809446, +1809447, +1809448, +1809449, +1809450, +1809451
C:+1809452, +1809453, +1809454, +1809470, +1809481, +1809519, +1809543
C:+1809545, +1809628, +1809629, +1809630, +1809631, +1809632, +1809633
C:+1809634, +1809635, +1809639
C:+180964, +180965
C:+1809660, +1809696, +1809697, +1809707, +1809710, +1809727, +1809729
C:+1809750, +1809751, +1809752, +1809753, +1809756, +1809757, +1809758
C:+1809759, +1809760, +1809761, +1809762, +1809763, +1809764, +1809765
C:+1809801, +1809802, +1809803, +1809804, +1809805, +1809815, +1809816
C:+1809817, +1809834, +1809835, +1809836, +1809837, +1809838, +1809839
C:+1809840, +1809841, +1809844, +1809845, +1809846, +1809847, +1809848
C:+1809849
C:+180985, +180986
C:+1809873, +1809875, +1809876, +1809877, +1809878, +1809879, +1809879
C:+1809880, +1809881, +1809882, +1809883, +1809884, +1809885, +1809886
C:+1809889, +1809890, +1809912, +1809913, +1809914, +1809915, +1809916
C:+1809917, +1809918, +1809938, +1809939, +1809940, +1809941, +1809942
C:+1809943, +1809944
R:DO
T:_DOMF


N:Turks- und Caicosinseln
E:Turks and Caicos Islands
A:Turks & Caicos Islands, Turks- & Caicosins.
A:Turks und Caicos, Turks and Caicos Inseln, Turks u. Caicosinseln
C:+1649
T:TC

N:Turks- und Caicosinseln Mobilfunk
E:Turks and Caicos Islands cellphone
R:TC
T:_TCMF


N:Amerikanische Jungferninseln
A:Jungferninseln (USA), Amerikan. Jungferninseln, American Virgin Isles
A:US Jungferninseln, Amer. Jungferninseln
E:Virgin Islands (US)
C:+1340
T:VI

N:Amerikanische Jungferninseln Mobilfunk
E:Virgin Islands (US) cellphone
R:VI
T:_VIMF


N:Britische Jungferninseln
A:Jungferninseln (GB), Jungferninseln (britisch), British Virgin Isles
A:Brit. Jungferninseln, Britisch Jungferninseln, Virgin Islands (British)
E:Virgin Islands (UK)
C:+1284
T:VG

N:Britische Jungferninseln Mobilfunk
E:Virgin Islands (UK) cellphone
R:VG
T:_VGMF


# Source (2003-07-29):
# http://www.itu.int/itudoc/itu-t/number/s/svg/82143_ww9.doc
N:St. Vincent und Grenadinen
A:St. Vincent and the Grenadines, Saint Vincent und die Grenadinen, St. Vincent and Grenadines, St. Vincent und die Grenadien, St. Vincent Und Die Grenadinen
A:St. Vincent & Greens.,St. Vincent,St. Vincent & Grenadinen
A:Saint Vincent und Grenadinen, St. Vincent und Grenada
E:Saint Vincent and the Grenadines
C:+1784
T:VC

N:St. Vincent und die Grenadinen Mobilfunk
E:Saint Vincent and the Grenadines cellphone
A:St. Vincent und Grenadinen Mobilfunk
C:+1784454, +1784455, +1784492, +1784493, +1784593
C:+1784526, +1784527, +1784528, +1784529, +1784530, +1784531 	# GSM
R:VC
T:_VCMF


N:Dominica
A:Domenica
C:+1767
T:DM

N:Dominica Mobilfunk
E:Dominica cellphone
R:DM
T:_DMMF


N:Grenada
A:Carriacou
C:+1473
T:GD

N:Grenada Mobilfunk
E:Grenada cellphone
R:GD
T:_GDMF


N:Puerto Rico
C:+1787, +1939
T:PR

N:Puerto Rico Mobilfunk
E:Puerto Rico cellphone
R:PR
T:_PRMF


N:St. Lucia
A:Saint Lucia
C:+1758
T:LC

N:St. Lucia Mobilfunk
E:St. Lucia cellphone
R:LC
T:_LCMF


N:Guam
C:+1671
R:US
T:GU

N:Guam Mobilfunk
E:Guam cellphone
R:GU
T:_GUMF


N:Marianen (SaipanNord-)
A:Nördliche Marianen, Marianen, Marianen (Saipan), Saipan, Salpan
A:Marianen (Nördliche)
A:Westl. Marianen
A:Commonwealth of the Northern Mariana Islands (CNMI)
E:Northern Mariana Islands
C:+1670
T:MP

N:Marianen (SaipanNord-) Mobilfunk
E:Northern Mariana Islands cellphone
R:MP
T:_MPMF


N:Montserrat
C:+1664
T:MS

N:Montserrat Mobilfunk
E:Montserrat cellphone
R:MS
T:_MSMF


N:Bermuda
A:Bermudas
C:+1441
T:BM

N:Bermuda Mobilfunk
E:Bermuda cellphone
R:BM
T:_BMMF


N:Kaimaninseln
A:Cayman-Inseln, Cayman
E:Cayman Islands
A:Kayman Inseln
C:+1345
T:KY
R:UK

N:Kaimaninseln Mobilfunk
E:Cayman Islands cellphone
R:KY
T:_KYMF


# Source (1999-09-03)
# http://www.itu.int/itudoc/itu-t/number/a/atg/75462.html
N:Antigua und Barbuda
A:Antigua & Barbuda, Antigua & Barbadu, Antigua, Antigua und Barbadu
E:Antigua and Barbuda
A:Barbuda
C:+1268
T:AG

N:Antigua und Barbuda Mobilfunk
E:Antigua and Barbuda cellphone
C:+1268464, +1268723, +1268724
R:AG
T:_AGMF


N:Anguilla
C:+1264
T:AI

N:Anguilla Mobilfunk
E:Anguilla cellphone
R:AI
T:_AIMF


# Source (2002-02-27):
# http://www.itu.int/itudoc/itu-t/number/b/brb/71262.html
N:Barbados
C:+1246
T:BB

N:Barbados Mobilfunk
E:Barbados cellphone
C:+124623
R:BB
T:_BBMF


# Source (2002-07-05):
# http://www.itu.int/itudoc/itu-t/number/b/bhs/80946.html
N:Bahamas
C:+1242
T:BS

N:Bahamas Mobilfunk
E:Bahamas cellphone
C:+1242357, +1242359, +1242457, +1242557
R:BS
T:_BSMF


N:USA
A:Vereinigte Staaten (USA), United States of America, United States of America & Canada
A:Vereinigte Staaten,Vereinigte Staaten von Amerika
E:United States
A:North America
C:+1
T:US

N:USA Mobilfunk
E:United States cellphone
R:US
T:_USMF

N:USA toll free
C:+1800, +1866*, +1877, +1888
T:_USTF			# fixme: should by _USFF

# from here till end of file: +1NPA number blocks inside the USA by state
# including moved Alsaka and Hawaii entries:
N:Alaska
A:Alaska (USA state)
C:+1907
R:US
T:ALAS		# fixme: should be _USAK

N:Alaska Mobilfunk
E:Alaska cellphone
R:ALAS
T:_USAKM

N:Alabama (USA state)
C:+1205, +1251, +1256, +1334
R:US
T:_USAL

N:Arkansas (USA state)
C:+1479, +1501, +1870
R:US
T:_USAR

N:Arizona (USA state)
C:+1480, +1520, +1602, +1623, +1928
R:US
T:_USAZ

N:California (USA state)
C:+1209, +1213, +1310, +1323, +1408, +1415, +1510, +1530, +1559, +1562
C:+1619, +1626, +1650, +1661, +1707, +1714, +1760, +1805, +1818, +1831
C:+1858, +1909, +1916, +1925, +1949
R:US
T:_USCA

N:Colorado (USA state)
C:+1303, +1719, +1720, +1970
R:US
T:_USCO

N:Connecticut (USA state)
C:+1203, +1860
R:US
T:_USCT

N:Washington DC (USA state)
C:+1202
R:US
T:_USDC

N:Delaware (USA state)
C:+1302
R:US
T:_USDE

N:Florida (USA state)
C:+1239, +1305, +1321, +1352, +1386, +1407, +1561, +1727, +1754, +1772
C:+1786, +1813, +1850, +1863, +1904, +1941, +1954
R:US
T:_USFL

N:Georgia (USA state)
C:+1229, +1404, +1478, +1678, +1706, +1770, +1912
R:US
T:_USGA

N:Hawaii
A:Hawai, Hawaii-Inseln, Hawaii (USA state)
C:+1808
R:US
T:_HAWA		# fixme: should be _USHI

N:Hawaii Mobilfunk
E:Hawaii cellphone
R:_HAWA
T:_USHIM

N:Iowa (USA state)
C:+1319, +1515, +1563, +1641, +1712
R:US
T:_USIA

N:Idaho (USA state)
C:+1208
R:US
T:_USID

N:Illinois (USA state)
C:+1217, +1224, +1309, +1312, +1618, +1630, +1708, +1773, +1815, +1847
R:US
T:_USIL

N:Indiana (USA state)
C:+1219, +1260, +1317, +1574, +1765, +1812
R:US
T:_USIN

N:Kansas (USA state)
C:+1316, +1620, +1785, +1913
R:US
T:_USKS

N:Kentucky (USA state)
C:+1270, +1502, +1606, +1859
R:US
T:_USKY

N:Louisiana (USA state)
C:+1225, +1318, +1337, +1504, +1985
R:US
T:_USLA

N:Massachusetts (USA state)
C:+1339, +1351, +1413, +1508, +1617, +1774, +1781, +1857, +1978
R:US
T:_USMA

N:Maryland (USA state)
C:+1240, +1301, +1410, +1443
R:US
T:_USMD

N:Maine (USA state)
C:+1207
R:US
T:_USME

N:Michigan (USA state)
C:+1231, +1248, +1269, +1313, +1517, +1586, +1616, +1734, +1810, +1906
C:+1989
R:US
T:_USMI

N:Minnesota (USA state)
C:+1218, +1320, +1507, +1612, +1651, +1763, +1952
R:US
T:_USMN

N:Missouri (USA state)
C:+1314, +1417, +1573, +1636, +1660, +1816
R:US
T:_USMO

N:Mississippi (USA state)
C:+1228, +1601, +1662
R:US
T:_USMS

N:Montana (USA state)
C:+1406
R:US
T:_USMT

N:North Carolina (USA state)
C:+1252, +1336, +1704, +1828, +1910, +1919, +1980
R:US
T:_USNC

N:North Dakota (USA state)
C:+1701
R:US
T:_USND

N:Nebraska (USA state)
C:+1308, +1402
R:US
T:_USNE

N:New Hampshire (USA state)
C:+1603
R:US
T:_USNH

N:New Jersey (USA state)
C:+1201, +1551, +1609, +1732, +1848, +1856, +1862, +1908, +1973
R:US
T:_USNJ

N:New Mexico (USA state)
C:+1505
R:US
T:_USNM

N:Nevada (USA state)
C:+1702, +1775
R:US
T:_USNV

N:New York (USA state)
C:+1212, +1315, +1347, +1516, +1518, +1585, +1607, +1631, +1646, +1716
C:+1718, +1845, +1914, +1917
R:US
T:_USNY

N:Ohio (USA state)
C:+1216, +1234, +1330, +1419, +1440, +1513, +1567, +1614, +1740, +1937
R:US
T:_USOH

N:Oklahoma (USA state)
C:+1405, +1580, +1918
R:US
T:_USOK

N:Oregon (USA state)
C:+1503, +1541, +1971
R:US
T:_USOR

N:Pennsylvania (USA state)
C:+1215, +1267, +1412, +1484, +1570, +1610, +1717, +1724, +1814, +1878
R:US
T:_USPA

N:Rhode Island (USA state)
C:+1401
R:US
T:_USRI

N:South Carolina (USA state)
C:+1803, +1843, +1864
R:US
T:_USSC

N:South Dakota (USA state)
C:+1605
R:US
T:_USSD

N:Tennessee (USA state)
C:+1423, +1615, +1731, +1865, +1901, +1931
R:US
T:_USTN

N:Texas (USA state)
C:+1210, +1214, +1254, +1281, +1361, +1409, +1469, +1512, +1682, +1713
C:+1806, +1817, +1830, +1832, +1903, +1915, +1936, +1940, +1956, +1972
C:+1979
C:+1325, +1432 	# since 2003-04-05
C:+1430 	# since 2003-02-15
R:US
T:_USTX

N:Utah (USA state)
C:+1435, +1801
R:US
T:_USUT

N:Virginia (USA state)
C:+1276, +1434, +1540, +1571, +1703, +1757, +1804
R:US
T:_USVA

N:Vermont (USA state)
C:+1802
R:US
T:_USVT

N:Washington (USA state)
C:+1206, +1253, +1360, +1425, +1509
R:US
T:_USWA

N:Wisconsin (USA state)
C:+1262, +1414, +1608, +1715, +1920
R:US
T:_USWI

N:West Virginia (USA state)
C:+1304
R:US
T:_USWV

N:Wyoming (USA state)
C:+1307
R:US
T:_USWY


# +0 -- reserved, allocation possible since 2001.
